movieId,tagId,relevance
1,1,0.029000000000000026
1,2,0.023749999999999993
1,3,0.05425000000000002
1,4,0.06874999999999998
1,5,0.15999999999999998

